
{
    "$schema": "http://schema.management.azure.com/schemas/2015-01-01/deploymentTemplate.json#",
    "contentVersion": "1.0.0.0",
    "parameters": {
        "location": {
            "type": "String"
        },
        "virtualNetworkName": {
            "type": "String"
        },
        "addressSpaces": {
            "type": "Array"
        },
        "subnet0_name": {
            "type": "String"
        },
        "subnet0_addressRange": {
            "type": "String"
        },
        "subnet1_name": {
            "type": "String"
        },
        "subnet1_addressRange": {
            "type": "String"
        },
        "ddosProtectionPlanEnabled": {
            "type": "Bool"
        }
    },
    "resources": [
        {
            "type": "Microsoft.Network/VirtualNetworks",
            "apiVersion": "2021-01-01",
            "name": "[parameters('virtualNetworkName')]",
            "location": "[parameters('location')]",
            "properties": {
                "addressSpace": {
                    "addressPrefixes": "[parameters('addressSpaces')]"
                },
                "subnets": [
                    {
                        "name": "[parameters('subnet0_name')]",
                        "properties": {
                            "addressPrefix": "[parameters('subnet0_addressRange')]"
                        }
                    },
                    {
                        "name": "[parameters('subnet1_name')]",
                        "properties": {
                            "addressPrefix": "[parameters('subnet1_addressRange')]"
                        }
                    }
                ],
                "enableDdosProtection": "[parameters('ddosProtectionPlanEnabled')]"
            }
        }
    ]
}
